65	Returned
69	Returned
134	Returned
135	Returned
230	Returned
324	Returned
359	Returned
612	Returned
614	Returned
678	Returned
710	Returned
740	Returned
775	Returned
833	Returned
902	Returned
928	Returned
930	Returned
1060	Returned
1127	Returned
1285	Returned
1317	Returned
1382	Returned
1538	Returned
1665	Returned
1921	Returned
2050	Returned
2052	Returned
2055	Returned
2146	Returned
2213	Returned
2240	Returned
2500	Returned
2503	Returned
2562	Returned
2823	Returned
2915	Returned
3300	Returned
3456	Returned
3525	Returned
3589	Returned
3687	Returned
3777	Returned
3783	Returned
4006	Returned
4037	Returned
4230	Returned
4261	Returned
4391	Returned
4610	Returned
4738	Returned
4864	Returned
4960	Returned
5028	Returned
5059	Returned
5061	Returned
5189	Returned
5381	Returned
5414	Returned
5511	Returned
5699	Returned
6054	Returned
6241	Returned
6272	Returned
6498	Returned
6500	Returned
6502	Returned
6661	Returned
6695	Returned
6757	Returned
6978	Returned
6979	Returned
7079	Returned
7107	Returned
7203	Returned
7269	Returned
7364	Returned
7521	Returned
7744	Returned
7812	Returned
7815	Returned
7841	Returned
7845	Returned
8034	Returned
8133	Returned
8292	Returned
8293	Returned
8353	Returned
8961	Returned
9027	Returned
9093	Returned
9152	Returned
9219	Returned
9472	Returned
9574	Returned
9696	Returned
9701	Returned
9762	Returned
9829	Returned
9895	Returned
9923	Returned
9927	Returned
10054	Returned
10183	Returned
10498	Returned
10662	Returned
10917	Returned
11271	Returned
11396	Returned
11425	Returned
11426	Returned
11648	Returned
11652	Returned
11682	Returned
11748	Returned
11909	Returned
11911	Returned
12005	Returned
12067	Returned
12096	Returned
12262	Returned
12263	Returned
12389	Returned
12451	Returned
12483	Returned
12580	Returned
12613	Returned
12704	Returned
12706	Returned
12710	Returned
12806	Returned
12900	Returned
12903	Returned
13091	Returned
13158	Returned
13218	Returned
13284	Returned
13410	Returned
13444	Returned
13638	Returned
13729	Returned
13765	Returned
13959	Returned
13984	Returned
13986	Returned
14176	Returned
14242	Returned
14406	Returned
14497	Returned
14528	Returned
14534	Returned
14820	Returned
14951	Returned
15009	Returned
15106	Returned
15202	Returned
15206	Returned
15303	Returned
15712	Returned
15718	Returned
15778	Returned
15872	Returned
15904	Returned
16134	Returned
16582	Returned
16641	Returned
16679	Returned
16864	Returned
16961	Returned
17058	Returned
17155	Returned
17255	Returned
17282	Returned
17313	Returned
17508	Returned
17668	Returned
17858	Returned
17985	Returned
17988	Returned
18119	Returned
18215	Returned
18336	Returned
18496	Returned
18533	Returned
18593	Returned
18661	Returned
18689	Returned
18753	Returned
18822	Returned
18919	Returned
19010	Returned
19078	Returned
19138	Returned
19523	Returned
19616	Returned
19718	Returned
20036	Returned
20134	Returned
20389	Returned
20453	Returned
20480	Returned
20486	Returned
20704	Returned
20743	Returned
20864	Returned
20899	Returned
20934	Returned
21222	Returned
21286	Returned
21346	Returned
21383	Returned
21729	Returned
21824	Returned
21890	Returned
22181	Returned
22402	Returned
22627	Returned
22656	Returned
22661	Returned
22787	Returned
22820	Returned
22947	Returned
22950	Returned
23076	Returned
23168	Returned
23488	Returned
23557	Returned
23559	Returned
23616	Returned
23619	Returned
23748	Returned
24066	Returned
24519	Returned
24707	Returned
24902	Returned
25095	Returned
25152	Returned
25157	Returned
25478	Returned
25479	Returned
25735	Returned
25799	Returned
25828	Returned
25952	Returned
26240	Returned
26372	Returned
26784	Returned
26852	Returned
26881	Returned
26982	Returned
27137	Returned
27490	Returned
27712	Returned
27744	Returned
27750	Returned
28003	Returned
28037	Returned
28291	Returned
28387	Returned
28419	Returned
28455	Returned
28544	Returned
28928	Returned
29095	Returned
29318	Returned
29376	Returned
29380	Returned
29410	Returned
29505	Returned
29506	Returned
29861	Returned
29991	Returned
30176	Returned
30403	Returned
30469	Returned
31073	Returned
31232	Returned
31303	Returned
31682	Returned
31844	Returned
31907	Returned
32036	Returned
32582	Returned
32901	Returned
32931	Returned
32966	Returned
32996	Returned
32998	Returned
33283	Returned
33317	Returned
33477	Returned
33510	Returned
33541	Returned
33637	Returned
33921	Returned
34117	Returned
34209	Returned
34338	Returned
34532	Returned
34658	Returned
34661	Returned
34689	Returned
34916	Returned
35047	Returned
35110	Returned
35111	Returned
35137	Returned
35366	Returned
35492	Returned
35554	Returned
35588	Returned
35687	Returned
35744	Returned
35877	Returned
35910	Returned
35936	Returned
36038	Returned
36067	Returned
36160	Returned
36262	Returned
36449	Returned
36609	Returned
36676	Returned
36679	Returned
36705	Returned
36707	Returned
36743	Returned
36772	Returned
36773	Returned
36932	Returned
36934	Returned
36992	Returned
36994	Returned
36998	Returned
36999	Returned
37250	Returned
37380	Returned
37414	Returned
37572	Returned
37760	Returned
37860	Returned
37862	Returned
37924	Returned
38050	Returned
38210	Returned
38240	Returned
38272	Returned
38400	Returned
38530	Returned
38596	Returned
38661	Returned
38787	Returned
39043	Returned
39075	Returned
39169	Returned
39333	Returned
39490	Returned
39555	Returned
39619	Returned
39872	Returned
39904	Returned
39943	Returned
40097	Returned
40132	Returned
40134	Returned
40160	Returned
40354	Returned
40802	Returned
40806	Returned
41059	Returned
41120	Returned
41186	Returned
41216	Returned
41508	Returned
41760	Returned
41861	Returned
42342	Returned
42375	Returned
42436	Returned
42563	Returned
42628	Returned
42788	Returned
42823	Returned
42850	Returned
42912	Returned
42945	Returned
43138	Returned
43140	Returned
43203	Returned
43269	Returned
43488	Returned
43494	Returned
43585	Returned
43713	Returned
44098	Returned
44292	Returned
44486	Returned
44579	Returned
44583	Returned
44869	Returned
44962	Returned
45127	Returned
45605	Returned
45632	Returned
45698	Returned
45767	Returned
45794	Returned
45863	Returned
46052	Returned
46276	Returned
46311	Returned
46341	Returned
46375	Returned
46497	Returned
46662	Returned
46852	Returned
47078	Returned
47079	Returned
47109	Returned
47138	Returned
47174	Returned
47265	Returned
47271	Returned
47457	Returned
47494	Returned
47620	Returned
47621	Returned
47813	Returned
47876	Returned
47910	Returned
48293	Returned
48295	Returned
48321	Returned
48353	Returned
48391	Returned
48448	Returned
48486	Returned
48487	Returned
48615	Returned
48710	Returned
48773	Returned
48775	Returned
48931	Returned
49026	Returned
49027	Returned
49123	Returned
49255	Returned
49349	Returned
49412	Returned
49510	Returned
49668	Returned
49762	Returned
49797	Returned
49830	Returned
49924	Returned
49988	Returned
50048	Returned
50081	Returned
50083	Returned
50087	Returned
50147	Returned
50246	Returned
50307	Returned
50374	Returned
50432	Returned
50501	Returned
50564	Returned
50566	Returned
50663	Returned
50721	Returned
50789	Returned
50818	Returned
50823	Returned
50850	Returned
50914	Returned
51075	Returned
51239	Returned
51271	Returned
51302	Returned
51553	Returned
51554	Returned
51559	Returned
51876	Returned
51879	Returned
51940	Returned
52035	Returned
52068	Returned
52258	Returned
52288	Returned
52327	Returned
52518	Returned
52608	Returned
52611	Returned
52678	Returned
52805	Returned
53285	Returned
53536	Returned
53600	Returned
53767	Returned
54086	Returned
54119	Returned
54151	Returned
54215	Returned
54243	Returned
54245	Returned
54339	Returned
54368	Returned
54371	Returned
54563	Returned
54595	Returned
54721	Returned
54755	Returned
54787	Returned
54914	Returned
55172	Returned
55203	Returned
55235	Returned
55330	Returned
55526	Returned
55616	Returned
55618	Returned
55623	Returned
55747	Returned
55776	Returned
55808	Returned
55874	Returned
55877	Returned
55968	Returned
56101	Returned
56128	Returned
56257	Returned
56387	Returned
56452	Returned
56514	Returned
56582	Returned
56612	Returned
56768	Returned
56769	Returned
56868	Returned
56901	Returned
56930	Returned
56931	Returned
57157	Returned
57190	Returned
57248	Returned
57253	Returned
57440	Returned
57510	Returned
57600	Returned
57638	Returned
57986	Returned
58368	Returned
58372	Returned
58470	Returned
58500	Returned
58566	Returned
58688	Returned
58720	Returned
58725	Returned
58818	Returned
58949	Returned
59009	Returned
59047	Returned
59072	Returned
59139	Returned
59171	Returned
59585	Returned
59652	Returned
59680	Returned
59683	Returned
59776	Returned
59879	Returned
59937	Returned
